,Time (min),nonCore12AvgTot93,nonCore12AvgTot93.1,nonCore34AvgTot93,nonCore12AvgTot93.2,nonCore34AvgTot93.1,nonCore12AvgTot93.3,nonCore34AvgTot93.2,nonCore12AvgTot93.4,nonCore34AvgTot93.3,nonCore12AvgTot93.5,nonCore34AvgTot93.4,nonCore34AvgTot93.5,nonCore12AvgTot93.6,nonCore12AvgTot93.7
0,3.5,0.03886524579156391,0.004917564067844801,0.004824069034453306,-0.03922204696626996,-0.020576309813224038,0.019238782490502832,-0.01043192439769369,0.028359665754925982,0.0021208306024121312,-0.0012977847407639432,-0.007342802636394947,-0.0028957772360403795,-0.0024608250535777558,-0.011081337884283586
1,4.0,-0.000358558803255233,0.005949244779763298,-0.007786553682771791,-0.001098688489644826,-0.029943087945624152,-0.006318557621562563,0.013170596241931369,0.02147738833930995,0.00765485165531484,-0.01874845027861928,-0.020749900987567734,0.026227630986640365,0.023741112148846572,-0.023053647586915152
2,4.5,0.005712623879950086,-0.012325169657060191,0.006664290936915972,-0.008181881540973143,-0.03036923691742218,0.007124507693332083,0.0002814817936282099,0.02019031275926622,-0.0056456716481578925,-0.009668717069032398,-0.03525461653981945,0.006716201846728499,0.03093587868093241,-0.0018823402538304087
3,5.0,0.017336229699816894,0.0007425080337365124,0.001249380546285833,-0.022087156732928007,-0.022438545173851188,0.028668598869552708,0.017755618670251414,0.02233579029498488,-0.027962349566728797,-0.009048928199237326,-0.007964039396362447,0.027142916449496554,0.0673528575601862,0.005925542794579542
4,5.5,0.057249571422751236,0.054715837386983546,0.010544194548495976,-0.00437260362923837,0.009999864573477284,0.09408841860774592,0.06449857390489956,0.015701819867331924,0.04349337948919526,0.008524940787446348,0.0018263717908540385,0.06902968538284864,0.1609388443665945,0.02476290269192051
5,6.0,0.19374592516171174,0.12117443602340768,0.06725791524344626,0.0014337466145211632,-0.005973601793721817,0.19602151276740684,0.12956716841968513,0.07841436915028556,0.061581319263471816,0.0689310648577582,0.07097170707609216,0.14129942214681857,0.2850802287705652,0.05957903072740038
6,6.5,0.230546586891788,0.13488602071836103,0.14139087711693968,0.051711990653271735,0.05479147702210204,0.2708527569382818,0.22997898049901894,0.133495680005288,0.13106077043930595,0.06731471322756338,0.14667031576347783,0.1986396735258771,0.35838681699466474,0.1489927747909824
7,7.0,0.41587326650333567,0.13149891505874103,0.2550779255839851,0.11177948282119961,0.12565751333739228,0.28827491207146877,0.26638010423674985,0.17204794251306535,0.16978671452994595,0.21414442862646424,0.1972408331474779,0.2603097025201582,0.3064162054718529,0.18431625554327594
8,7.5,0.4154760545508155,0.2052778668683178,0.33648306561568425,0.1469668683385745,0.1438992620521541,0.3262428450046559,0.31145285563307507,0.2345572004707676,0.22882254937943802,0.23694380326628428,0.28591300734210806,0.30454890499662857,0.47213810314009785,0.2659639854252032
9,8.0,0.514548659127347,0.2695899268810434,0.36366826196208035,0.2753831367010475,0.2998552348987954,0.44545312398858833,0.39847067580960316,0.23210428009148204,0.26739207533425235,0.3296393608992009,0.45368275165118216,0.4227322658914036,0.45579143098264313,0.24449195527805492
10,8.5,0.5044207142546975,0.32499021185664584,0.3870040263692307,0.28197040532421946,0.2927908615330513,0.40116808107969154,0.4712503815160365,0.33521010102104465,0.3488874043688699,0.2990197320474339,0.5068492864100004,0.4578235276483789,0.49317298552805555,0.31426050792351906
11,9.0,0.4707843539168921,0.4092170529135729,0.36414976921316095,0.3938844876647993,0.3347690186704505,0.46031455089510237,0.49120710756585506,0.33069276421048716,0.437394073384821,0.39184329434417753,0.532308247695719,0.4954445644409706,0.6688757106458877,0.43232024163319455
12,9.5,0.7766609250183083,0.48402883775932953,0.39273520321918537,0.48169842402248336,0.3367478582407494,0.4634753331711427,0.5235256741441132,0.34816199122606184,0.4343016901084279,0.46338275380561095,0.7254651650444898,0.5021316854887038,0.6948309946304028,0.4420406007135274
13,10.0,0.77627551255896,0.5191841756522744,0.44370638119370653,0.45240621486877564,0.35296087029085976,0.5571202303807037,0.5218228670331773,0.37707592171843873,0.5676834443939336,0.5073889654735946,0.8086604173744312,0.5363234490698484,0.6834431352309562,0.46414890713982065
14,10.5,0.7351998978150757,0.477743213386909,0.5075962722912706,0.5302777400415813,0.3937484450093101,0.5344386353895009,0.5972656272878172,0.3786611599178474,0.6676069142145619,0.5885920090686334,0.6017513796334136,0.5736790467350503,0.7108213548230213,0.4319358140885941
15,11.0,0.7802188737926278,0.5467869538023313,0.5261155769200848,0.546567639722203,0.41534476628958955,0.669592280546788,0.7050497646160977,0.618583112113393,0.619088630491279,0.6273405367937416,0.8164779805328994,0.7068506225639913,0.8487361325272034,0.5104959638053435
16,11.5,0.7490506156386756,0.5498715884797256,0.549084667176319,0.5808055792117559,0.5008795725512344,0.7845011120378458,0.7286085140535216,0.6031341509286735,0.6208324552469119,0.6371437164333892,0.7556732165160065,0.6183621125549308,0.8403711545264061,0.543616755196822
17,12.0,0.8451551667208222,0.698090970423535,0.5619462979669763,0.5582465025545104,0.5023502830373057,0.8161637959458631,0.7916091909527688,0.5561407349884114,0.5970832515104384,0.8303198309059109,0.9344493041063142,0.7128927620324471,0.8994514440181339,0.5740016365877174
18,12.5,0.7918940730190961,0.7088123693247982,0.5642863423535551,0.7527762379017631,0.5636155787922541,0.8931448410463958,0.8064416219387553,0.649581631640038,0.9254317127912718,0.81004284510981,0.853496819238708,0.8453341333047696,0.9030607292072169,0.6285623707153817
19,13.0,0.8302666214993665,0.6484302182741281,0.6252885903565277,0.7528877770795122,0.5171033443018136,0.9221584942160851,0.840950706837018,0.7522114478493978,0.6952725203561279,0.9197177386959017,0.8506461481749279,0.7059578445482692,0.8452040549113621,0.6635854724519622
20,13.5,0.9325103051740463,0.8006363274120764,0.6942700514762106,0.6380045771882978,0.6964920055709733,0.7599659634200119,0.8241148892105855,0.7016873233174101,0.7581234548612951,0.8527886642896725,0.8795119771126543,0.8008628844936483,0.9232613629955664,0.6714521181532576
21,14.0,0.9437883585624982,0.9184932178298942,0.6808472031717142,0.7829381782785363,0.6489972412509453,0.7789678151719972,0.7473988228113454,0.7362520523763664,0.8741605806406433,0.8365298120932226,0.9519310608958248,0.8706153775568845,0.9391496266740014,0.6700194267125557
22,14.5,0.8019461897378435,0.7915044150045026,0.6431925916007012,0.8535733368184985,0.7120835271049634,0.7567199210392416,0.8745768132508013,0.7418448743703943,0.8431033312861171,0.7953129659366567,0.9867713620611993,0.9225107711478197,0.9807209294252065,0.7685748677526352
23,15.0,0.9554188957518529,0.9700076434276305,0.7002524514128143,0.8025193980111309,0.7142974344297054,0.8135266967238832,0.9857755715330437,0.7577118121039949,0.7476030339454363,0.9340184252194843,1.0401572624800928,0.8059035240858361,0.9683734878190301,0.7165724121336077
24,15.5,0.8157182105238093,0.9804088395375291,0.6884011686257641,0.8324032394210377,0.7804271321161937,0.6464075055177986,0.8945313371294737,0.8150502033329982,0.8548297625693291,0.8948602588883005,1.1100645531638031,0.8202278562725359,0.9751898059912522,0.7515549054626487
25,16.0,0.8993830518279353,0.8950640859490645,0.7162369461802586,0.6970990235925786,0.8069776652406854,0.7375804871514884,0.9534382321588262,0.7592173225199444,0.807291402593863,0.8505420645663001,0.8624876493052656,0.844505825515524,0.9472012417682766,0.7698368564952137
26,16.5,0.8955411642116967,0.9906062872667423,0.7776892379762046,0.7313140178536722,0.7576549592366107,0.7554635215822285,0.9159213882208509,0.8876183317842118,0.7806916080584806,0.8818381601514388,0.9395466251207241,0.8504160715336535,1.0037424346297532,0.7417549972659627
27,17.0,0.9139418732882821,0.7686837786115043,0.7315645259089545,0.7139924065578583,0.6528871769551337,0.7501240734100411,0.8846031137290787,0.8203853002183101,0.8906720953973626,0.8496433025257354,0.9185762177541527,0.8918700679444403,0.9366193358498691,0.7058109248522045
28,17.5,0.763306079806834,0.8989420958500551,0.6326084632726525,0.7354725848143366,0.7849142161077638,0.6875069575753044,0.8958574370078227,0.8191214953300894,0.7646825359323077,0.7947892239893962,0.9091544407249113,0.938226642741548,0.9612565131987875,0.7139244129207128
29,18.0,0.9581906783791821,0.9990753462835141,0.683009924972981,0.6973931657775475,0.6973031537505046,0.6650096625077123,0.9233073154482655,0.8170022452795105,0.5921794529806286,0.8459292338326495,0.9649280477373113,0.9421533783798431,0.9203054399379675,0.7128279419954797
30,18.5,0.8354604715540308,1.0697451651465848,0.7203352986444277,0.6318027930914806,0.8498411394034363,0.8266392256204499,0.9006961112136216,0.7781577798638196,0.7681681069573899,0.8984661951729971,0.9877286251302904,0.9404245163889767,0.9027164575962797,0.8081940279650994
31,19.0,0.7176308887081743,0.8162523584905846,0.626410681561326,0.7409362564346174,0.7257727742069597,0.74409514646419,0.8986978333580613,0.9179116870627416,0.736459476973085,0.8906270743830689,1.0743702551062198,0.9533854028142174,0.9020645988304409,0.6713743433911502
32,19.5,0.8054030752006252,0.6575146328037271,0.7322381585001432,0.7178075004558228,0.8217578613735738,0.8138742341868914,0.9841307496445852,0.7618101216795328,0.8388112274478678,0.7766311312363212,1.0784513444123613,0.8379697030939377,0.8147554091356422,0.6525039035189776
33,20.0,0.7038915581417782,0.5694923627621375,0.5893294385921912,0.7107653634417583,0.6840384642109414,0.833797755000229,0.9398192447053458,0.8521859936693081,0.9022072823689045,0.7532448382267205,1.157562233735781,0.8652996885239579,0.8045613626865266,0.7751374943924504
34,20.5,0.7568128876191146,0.633783445122676,0.5986358845408536,0.7171652753948569,0.7112814763963066,0.9095650585563506,0.8852430148694264,0.9152523866696204,0.9035084080874839,0.8025122716652775,0.9774757741009488,0.815947658745953,0.7170099110602401,0.7010923697041567
35,21.0,0.756923613954144,0.8052703546674739,0.6396145718321272,0.6876077445352419,0.695013438983672,1.027423205255673,0.820258199241447,0.8436954241951798,0.9194947327735721,0.8689349298199998,1.0903600513254874,0.8493089689746194,0.7103987926998415,0.6856157791085653
36,21.5,0.6328962988992517,0.8936372005576776,0.6617372737566611,0.7589687879391459,0.6933419823271613,0.9165008521715451,0.9197025274601155,0.7704988178813845,0.8021579806203537,0.8977478686612141,1.114061541145637,0.8342682148267319,0.6808800574664389,0.7506030771542606
37,22.0,0.6556139871094449,0.8093984442802497,0.5951708955560117,0.7241401096018326,0.7995536131521227,0.8883921023613436,0.8465955659961905,0.8802824530240914,0.8568987515997679,0.8879779730349475,1.0570872717697435,0.7854067783736034,0.7956036624083875,0.7603614453389341
38,22.5,0.8325225786151653,0.7245076854045351,0.683206929368081,0.7033608393852447,0.8336896282497587,0.8887413134882746,0.9142443904291144,0.9110291224628271,0.895481664373826,0.8931687409314416,1.0685570096149393,0.8603211822747043,0.8430029731333152,0.7968161871900489
39,23.0,0.8883351867854099,0.6586752775813728,0.7702260806789606,0.7345978298015617,0.754534516894826,0.9595835555495877,0.8288745877265501,0.7966681657748479,0.9085118093593981,0.8055917398595912,0.9995796164710803,0.7774724615216134,0.7836842967117625,0.7399868650327337
40,23.5,0.8779500841093754,0.7647841802886994,0.739033527229403,0.7387456222586141,0.7808488768890703,0.8962212468173317,0.918147960228627,0.8554620245065242,0.8124407144259592,0.8378104141166157,0.9974013400273116,0.9047477183738042,0.9574981789706815,0.7549747499102798
41,24.0,0.8687555742758468,0.768444432244702,0.7960868317548982,0.7721688681154454,0.757890008442717,0.8420648529543969,0.958601553431591,0.8309737763134366,0.8738652722247786,0.9269181001215564,1.0549842036025203,0.7976634600591552,0.9567708718833525,0.768931237484204
42,24.5,0.8858110405237531,0.7880189768820898,0.8556447077947613,0.8641574363745775,0.7865752371842606,0.904931394807999,0.874716856448531,0.9565908086195979,0.833736091787871,0.8367627033372439,1.018097541836903,0.7681374789942198,1.0159580497763259,0.8511284703456562
43,25.0,0.9093613189775364,0.8093131413532912,0.7462841361371857,0.6889480529313506,0.8815376562479379,0.9101438116216917,0.9562791833913041,0.9834844098964046,0.8073633818763307,0.9607461752164393,1.016367500972629,0.7368438676171796,1.0180279905536342,0.8946675301290016
44,25.5,0.8663281195602611,0.8140725675447527,0.7329555185580947,0.7413000883027899,0.7498968025886064,0.8459171248566466,0.9791072489163165,0.8307012531832961,0.6995455053017019,0.9938096825454305,1.0161808500872886,0.7896020437227398,0.903911639490676,0.823298286089213
45,26.0,0.7956514067121913,0.6646305966331746,0.7916082261031041,0.8081925893630845,0.8920246207316066,0.8397155437065041,1.014033363941908,1.0328863162989554,0.8186547942122954,0.7876700359397262,1.0194867300110744,0.7947316041841526,0.8239035141125901,0.6718385178329912
46,26.5,0.8459384186600474,0.8777498348705379,0.7837833462453098,0.7124529317746082,0.7814596713128761,0.861270886495048,1.0338054668896997,0.8389193773943988,0.7858928390077858,0.9158415927720579,0.9466614965165174,0.7862907763019744,0.982079603295444,0.7436664202074494
47,27.0,0.838343103810212,0.8308070182753694,0.8039662116041945,0.7872109234883676,0.6890244136855317,0.8897234003861578,1.00480218024717,0.84405980407474,0.8194745894193792,0.9460909915699235,0.8951511523626899,0.7989222426611479,0.9178739150261908,0.6617340468995477
48,27.5,0.6873828423134142,1.051442140028278,0.8448274353465304,0.7441008216210722,0.7825342035844958,0.9153861772229291,0.9710422612175175,0.91067747123373,0.838748073873724,0.9922293430902648,0.9479285827950347,0.8359478878076819,1.0193757085872108,0.8031988953599283
49,28.0,0.7101472982152832,0.7247876583568373,0.8787018222787971,0.6726416515974164,0.900997515281604,0.8620935838330307,0.9785986025827144,0.8269382210135552,0.9101010719712723,0.8959668604431004,1.019422489371843,0.7466510977508034,0.9395167812439486,0.7682725016479398
50,28.5,0.8296550075998077,0.698319445758437,0.8424990749713361,0.7599763422933048,0.7792393662929934,0.8398758063464459,0.8959088786059223,0.9511066708808743,0.8685522368982933,0.8790598483037306,0.9916197626777499,0.8032687601108461,0.9263267433696156,0.8347971388481269
51,29.0,0.8035510716327853,0.6298536811559663,0.7593781529334731,0.6918108605571778,0.8482102130490361,0.9216442616653691,0.9592191777350778,0.8660994705780735,0.7230679538339231,0.9226681167828454,0.9018417814925251,0.7935931463182856,0.9309118444871518,0.85757207637923
52,29.5,0.8210811343787374,0.870606317950679,0.7102038072522163,0.7214235396438782,0.8493819720627223,0.8370031217945028,0.9107208634489167,0.9700691762911894,0.8343895354612243,0.8970118267798279,1.0210725147987143,0.8617949016794677,0.9947487255351822,0.8840331634447465
53,30.0,0.8476306404640794,0.8594916437321476,0.7971356092028727,0.7327137622241786,0.6916265268683457,0.9112759921286415,0.9222604444814764,0.857704701271761,0.8001735746308185,0.8621253984909355,1.0914930484489695,0.7825500231247288,1.058755234076294,0.8084702967214239
54,30.5,0.8540895674553707,0.6617345802952536,0.7924890198279898,0.7333171243772575,0.7670521732635047,0.8355560224813898,0.9960846842652955,0.9503989652624817,0.8071689090210066,0.876092289556619,0.9345231459024056,0.792317355942033,1.0120602750945569,0.9222025313443059
55,31.0,0.9178095993239217,0.8045401476309783,0.7953324116117206,0.73305984788327,0.7879537579466979,0.8314171874794563,1.0140848887445615,0.8944176494771731,0.8473158837586056,0.8249203092273848,0.9090711164440185,0.7571589896931047,1.0549362202655972,0.8937645345901295
56,31.5,0.9896313981760131,0.7460138161984541,0.8293226998024331,0.8605623953397189,0.7952452675351034,0.8483945509635493,0.9429139978415357,0.8964561550952193,0.8157336629374679,0.8741185026790547,0.889642346776935,0.7535510210151267,1.001526753715512,0.8989990727920589
57,32.0,0.9133517459192549,0.6014742114470947,0.7628674472642241,0.7823988958552786,0.7430365932238894,0.8375202285601373,1.0900442319646666,0.891788055795665,0.8226838815844766,0.9430237937134284,0.9190406054257331,0.8780826303764568,0.9371149800707737,0.7712624603301683
58,32.5,0.9805492564815462,0.8437600341739061,0.8573370645984203,0.7599850299794358,0.715928185494047,0.8534069050869514,0.9806043883024279,0.904458056313094,0.8881462051125183,0.9568338716161868,0.9806025169922608,0.859169779459979,1.004171164690025,0.7885095845230946
59,33.0,1.031643339501912,0.8880397564421864,0.8997826869372176,0.7270803914866575,0.7750269822792003,0.8914726830674925,0.9991853410059548,0.9006370621060393,0.9270225518485683,0.9261358422022234,1.0154624353072865,0.8560856665601153,0.9385723110010687,0.8112890512812502
60,33.5,1.035480751252695,0.6458432231223391,0.9435284746251545,0.7795711387063968,0.85466139019142,0.7731719765344098,0.8813630096035919,0.8890715753370212,0.8438190323537816,1.0128390940564973,0.9242275304808867,0.8397038924558249,0.9689271324526204,0.9080150540581422
61,34.0,1.015512380040546,0.5916854409534822,0.8731468579499478,0.853355668739743,0.8271188478304301,0.7627509916841508,0.9287967762974498,0.9288492295185999,0.8499693462247968,1.0084441817694996,0.8613141740950124,0.9499446461994258,0.9334206125198232,0.9324264723140225
62,34.5,1.0282969243473712,0.7646855762647852,0.9201715186733005,0.8101817375629667,0.8656628447445736,0.8927173750355599,0.9793697402251679,0.9458156651836888,0.8262038497459099,0.8599429560506635,0.8766924311522224,0.9375823326160128,0.8869969361237217,1.0404741089154996
63,35.0,1.0494372790252438,0.7374951141053461,0.8272797510786323,0.8206377785652544,0.7298543387211471,0.8653717270442645,0.8295576626540383,0.9023627600046351,0.9278375449000068,0.9485565609849759,0.894951571709328,0.8863789742342438,0.9691826166624133,0.9367266620369915
64,35.5,0.9412018273901888,0.8168009150018569,0.7041770485813421,0.7939288950796474,0.7766332549092984,0.8800782292288519,0.9658431253829347,0.9028036040795989,0.9083454844205576,0.9015177990406311,0.932105365932504,0.8447958206113472,0.9581202673259114,0.9283159198285669
65,36.0,0.9300332865086512,0.8921728673196186,0.7815801443408067,0.8514218894137136,0.8866803440034509,0.9597367219465632,1.1416133784228866,0.872337556874308,0.898523794630463,0.9624893890970215,0.8395190050545405,0.9385919572706988,0.9310598647679534,0.8772408394036929
66,36.5,0.9807583426881974,0.7938937217382369,0.7539739213411932,0.877108791854647,0.9870312231407709,0.9110170502015678,0.9239867316282157,0.8585923252657623,0.8694578087101322,0.9551939527313191,0.846435441880735,0.8765148324812813,0.9074069885064602,0.8739078098435393
67,37.0,1.0098536310578388,0.6869722966783048,0.8103078446092828,0.8198361717073545,0.8099566602831538,0.8610810409309343,1.1144626552982022,0.8705946319201667,0.8600281288432652,0.947856040372879,0.9501660424387474,0.9097394205754216,0.9233933423532743,0.9804287911818115
68,37.5,0.907735743867859,0.6923676982777118,0.8755039428069838,0.7975600269306518,0.9251854327369552,0.8740929719903052,1.0268982591278735,0.8900125382863991,0.8126560161948742,1.0607940965293616,0.9190459194888728,0.8840845466661947,1.0842076647087227,1.054584365864645
69,38.0,0.9515234556706803,0.8016277974110321,0.7160164030088292,0.8305957956343442,0.8143279343315869,0.8895001323361004,1.0810916553886323,0.8411003682510958,0.8215798815666673,1.0745917280493482,0.9012855394592131,0.9020281742073726,0.9780866622641544,0.9431992058213481
70,38.5,0.9790509447883577,0.6510027436730039,0.735580192101313,0.8348910369859501,0.9313000489397097,0.9117575282326404,1.0460435798310026,0.9625356005704667,0.9578701810467263,0.9703277422799329,0.9235678037485816,0.8269066537634515,1.0222418387323582,0.9534594613875368
71,39.0,0.9969247708936307,0.7354527785558692,0.7524914711788807,0.8376791276509001,0.9961649243507933,0.8333411335172553,1.0452907422435522,0.9454176495326413,0.9216339716261117,1.0047379098771354,0.9214301448455599,0.8573421578064286,1.0198483883199763,0.9026881574378804
72,39.5,0.9240874830045611,0.7336775214967005,0.7324636499069582,0.7877363309298648,0.9927372136883575,0.8686743141879508,1.0604089709565703,0.915788633856539,0.9137621541238012,0.996259700221279,0.9547234557376258,0.8162014877722187,0.9951239746728174,0.9235079488974447
73,40.0,0.9640096797833196,0.7561621057322352,0.7403641059964114,0.7935576354212573,1.0123224199150063,0.9717317279129183,1.0451681726196282,0.9115295390564685,1.071886168308449,0.9703338265832301,0.923924068108588,0.8716077339613065,1.0266616520513194,1.0794877522190482
74,40.5,1.0301220376538711,0.8531354162254706,0.7717643917956479,0.8790247542661467,0.9152112184211892,0.8924424257418425,0.9556006799930867,1.0279652884793098,0.9346625035009967,0.9744927106037093,0.9435254948449703,0.8098405359942548,0.9996181057794843,0.9351268608152504
75,41.0,0.9546509287674105,0.7308531918128066,0.7738086005407159,0.8297715950205512,0.9693748736170933,0.8929359522395149,1.0197864808821178,1.0024580963150327,0.9119576057773778,0.9494509252534407,0.9173432474629998,0.7502983757630349,1.0275541795856393,0.9719483802394471
76,41.5,0.939990549200576,0.786961211722995,0.7296026683072396,0.8567006660489342,0.948704148569253,0.9984056344174711,1.0545384099544084,0.9972709323614737,0.8502601907920154,0.9687507283882597,1.0232590236154475,0.776295201627077,1.0042620576688739,0.883809866426889
77,42.0,0.9334497936750971,0.6948408270990655,0.8741318796064507,0.8315644655290066,0.9906817416005136,0.9144803274758669,1.0898972493350523,0.9333240843765171,0.8965719251157854,1.0129470470036745,0.948505573222174,0.8481374416579764,0.899717809570154,0.9052079973288252
78,42.5,1.0018853568050379,0.6869216409985743,0.7221841119858291,0.9068975033026572,0.9562493073907612,0.9902538900291058,1.0670250550162037,0.972749694381945,0.972799775985431,0.9004068019966182,0.918630011263217,0.7705761286788969,0.817873447109473,0.9693889173921862
79,43.0,0.9019868312487205,0.7778291024412334,0.8200056703841933,0.8451276968367262,0.9553354273811385,0.9619099033865394,1.0593930099407656,1.022674365010717,0.9951504507107464,0.9833470268196438,0.9258438558911278,0.8156586240181811,0.9644648387435948,0.9748319721774783
80,43.5,0.9409510561752003,0.7808603164943456,0.7346577160649188,0.8614920046013563,0.9877250336087074,1.043335997319068,1.0716931336394162,0.970695786236208,0.9293230685094142,0.9897096333165337,0.9443821261345318,0.8404521819783645,0.915540093294939,0.879821826886447
81,44.0,0.9209307278733943,0.6817101881331616,0.7162948622945824,0.8784424049685301,0.9861674716323034,1.0073188698560387,1.0162997453123894,1.0463006177292054,0.9010650943462416,0.9517267887050312,0.9505509087643014,0.8313196852773695,0.8529187154901492,1.0505695948044411
82,44.5,0.9660679542522982,0.7823375470885215,0.7362471767891459,0.9216431253204446,0.8855953027675306,1.0112353652278305,1.0388207521230697,1.0312554033912669,0.8952530494179322,0.9715355243687798,0.9692307808717353,0.8709513229176647,0.8416551851986308,1.0104016737782937
83,45.0,0.9180667146338656,0.8068585618860634,0.7213811101700554,0.87913546822828,0.9428446065710218,1.0543396399178526,1.048408042108455,0.8865502599432313,0.8578183222097313,1.0977820146427952,1.0536973619172934,0.9043374916066901,0.8714402126575701,0.9036294760576795
84,45.5,1.038593573819877,0.9556142182372779,0.6758590636925257,0.9342039383197985,0.9691123090326473,1.0517274693168754,1.0999047876973052,0.9341373438414308,0.866321241926126,1.0029346545134956,0.9381409564901696,0.9217100466273686,0.9569082841612027,0.9701485243098681
85,46.0,0.9449784548445258,0.9066525621980835,0.8860157033689328,0.8966850022371201,1.0015019317641747,0.9573571003132039,1.11797060239546,0.9145031277107174,0.9287254438445044,1.0858079898017805,1.0695001963193207,0.8306007976424463,0.8408177393323635,0.9495100570708426
86,46.5,0.929160192288604,0.8985866279714296,0.7520743551156562,0.9212799649952139,1.036510360028901,0.9893744737953092,1.0420906402465095,0.8625346644378086,0.9028689936424412,1.0263792744682347,0.9793633127628906,0.8895036735787929,0.9887830135155158,0.9474669804809441
87,47.0,1.0250602305468064,0.8448396608326018,0.8382051891622717,0.8888177913055861,0.9691568209440994,0.9860515462673625,1.0625661979317869,0.9263709250999598,0.8559626626866944,1.0039049598445735,0.8671540363312713,0.8698712793922733,0.8943194586223266,0.9650491289062038
88,47.5,0.9582374791414056,0.8347284361247076,0.8570304396024265,0.9924884622764821,0.9665765254865533,0.9135143565382006,1.1008424506714185,0.9135818437105582,0.875451642319774,1.064532481394376,1.0566393669734095,0.9251302061612703,0.846453115365195,0.8506606864222517
89,48.0,1.1030626216639017,1.0044648804419738,0.842286911200292,0.9640312808786544,0.9213606386951734,0.9317672820296827,1.0247355072907114,0.8952716640401005,0.855530012136721,1.0577253171023888,0.9190763312584378,0.9145245245801085,0.8424357109162918,0.9316199224061519
90,48.5,1.0163437760461997,0.8739351658149608,0.9339647426906736,0.9408058055706603,0.9572620475289743,0.9697213799289793,1.032673700079451,0.9342845102405345,0.8585262491795614,1.0888193603727778,0.9514059732302496,0.8473642646279779,0.889522447438896,0.9178391499058077
91,49.0,0.9983919159360887,0.898725511442179,0.8899968697665342,1.0290637575545174,0.9099144997573133,1.041972520233514,1.0433143738358543,0.9671228583736292,0.8729659931139392,1.0290864546322829,0.9421872476349162,0.9188034270533642,0.8212279726392914,0.9783275009157865
92,49.5,1.0186143124537526,0.9991882005944396,0.7952756649669127,1.0073106776567702,0.9584508453232664,0.9551255967136142,0.9731996655294701,0.9920485142390076,0.9205380847458904,0.9959135114247372,0.9852974557355595,0.9302066323015235,1.0117976584997876,0.9451985887200653
93,50.0,0.9584895623525038,0.9116329057895195,0.8377448488756868,1.006366229638732,0.9838836147767306,0.9474401549923186,1.0098229220334647,0.8966746332937104,0.9494624112748604,1.0752421363623883,1.0375905536858245,0.902750303463564,1.1250409221723117,0.9688554059490054
94,50.5,1.0401560874921614,0.8718175985318458,0.8181425463628184,0.9744725034396378,0.9864005695758646,1.0012330590012053,1.03122678962386,0.8876241454536481,0.977584100282271,1.0488490984126235,1.0062454291131655,0.9685525977867429,0.9684167961694428,0.9130732594621576
95,51.0,1.0297512999577443,0.9260817895042714,0.8165108966091933,1.022827613064346,0.9635710175826271,1.0597876021869768,0.9341912574315915,0.8967747444925221,0.9270924668768588,1.0660210848822558,1.0275709939689452,0.9192891281974259,1.0574591735891352,0.9365477823632629
96,51.5,1.0050985704805127,0.9771798537023789,0.9127183198151319,1.0256462175775871,1.0105147960394651,0.9968236712893077,0.9713868189466026,0.9189647788499055,0.8472272283234799,1.0680718819191122,0.9980535809359937,0.9905921990523395,1.005409329744361,0.9547712974156464
97,52.0,1.0181050238958333,0.9948874734510428,0.9008284722202424,1.051716399526219,0.9778273673539656,1.018277427334816,0.8939939876679309,1.0170229318652717,0.9983043875158334,0.9990055568145748,1.024635642967931,0.9510518812247877,0.9768943702887406,0.9072147408374114
98,52.5,0.9920629786297904,1.0009587493710588,0.8594618488132625,1.0158292011587702,1.0107430679275573,1.0742064913777234,0.8755428137259968,1.0125739365987616,0.9308507401766108,1.0251912302158335,0.9578166876690457,0.8434913853903726,1.072818930034862,1.0303266586822661
99,53.0,1.05222337440502,0.802126024145061,0.8651275205720738,1.0075091125321662,0.915922929254217,1.0222797362565532,0.897329960970647,0.9371697349991455,0.9074159926544876,1.0164965005930473,1.0197237691681427,0.8853713691874003,0.9074937650347049,0.9907367914830522
100,53.5,1.0607478368682792,1.0366785015968816,0.7879533468077795,1.0097422989596008,0.9894201561810995,1.0769342174854384,0.9372279872504791,0.9853612821919447,0.8761625655052632,1.003273798593176,1.0949108854507825,0.8483811931876185,0.9169818534889747,0.9903221554552195
101,54.0,1.0380984487004492,1.047720247134667,0.7947969469240024,1.0680209770369982,1.0014254690910447,1.0666462112114268,0.9662129682757868,0.9704064222738884,0.9281703944715491,0.9951394000465111,0.9627313183111884,0.8338392813872904,0.8742347358843514,1.0296108043503758
102,54.5,1.1093653819214606,1.026283886259187,0.7897322424412352,1.039777909931267,1.0011345639432923,1.0191905248383895,0.9021739240839253,0.9577737250722738,0.8646545262489199,1.0643028887183226,1.09622312716326,0.8841028912563272,0.9235261526570714,0.9956676011030292
103,55.0,1.111651382772846,0.9849187601193474,0.8224909720489989,1.0827692230745514,1.0390296370358414,0.9664869702207601,0.9346970976711558,1.051575463973377,0.9000017821963294,1.0357696610818208,1.0464509282237562,0.8411972231055421,1.0280158481859736,0.9416907034203258
104,55.5,1.0908800720961527,0.9144455599181068,0.7671221912201399,1.0244098487929796,0.9612708283797339,1.052995477633079,0.8528795666918565,1.025020330678899,0.9821965944040819,1.1311825807396745,1.032945293882048,0.8789170757970299,0.9860375680444424,0.9673557181191109
105,56.0,0.9960213946748177,1.0262528599999514,0.782225759765781,1.033422496230319,1.090641724093512,0.991572090530941,0.9824659863430639,1.0543112426536208,1.0142548521200423,1.0029849533960806,1.038390363860055,0.8699229875150171,1.0552433732361048,0.9605243842806575
106,56.5,0.9995144946832938,1.0020861617439878,0.8580138232466606,0.9918836683679114,0.9942541705588894,0.9490391473325881,0.953289642162015,1.0024761399806323,0.9904983254600297,0.8866406258504077,0.9990582792289272,0.9378423981136519,0.9868139859802227,0.9359850012230451
107,57.0,0.8850814620545391,1.0387499561074613,0.957618639648892,0.9926430635407892,1.0336016707573945,0.995409710145633,0.8745746194760754,1.0272876418163557,0.9724235625152394,1.0619466281816148,1.008116333259187,0.8238327287131517,0.9781445454372616,1.0292822276068097
108,57.5,1.008718283491501,0.9926775117537392,0.7947904540898774,0.9443736629186918,0.9984642144190947,0.9187058522069375,0.9794962425207642,1.0247994996410104,0.952593499343772,0.9956380659937368,1.0138115455625267,0.9417540501294713,0.9804193181464224,0.9991971757540575
109,58.0,0.9671010022242809,0.9504407319758156,0.8559316402539833,0.9607191960786045,1.0765040330615259,0.9113558388852038,0.9149496085230091,1.0070474914852274,1.0430713687011814,0.9597245783367175,1.056863522647296,0.9706036933946736,0.9851214348029496,0.946172995250345
110,58.5,0.943825509201386,0.8980286316138859,0.8733176314515946,1.0230695387698945,0.9656718987326934,0.9087162620001802,0.9301898547181541,1.0108798082469717,0.9789979394344286,1.0723782023308865,1.0238402376813687,0.9530862636700438,1.0117084625759376,1.0772148243924782
111,59.0,0.981185436443988,0.9792037209650492,0.8963366421760285,0.9685977504889126,1.0229895097336374,0.9639879723855186,0.8565595806847098,1.0358406728778287,1.0035432092384908,1.0244588203892038,1.0669773004621457,1.0023739264323148,0.9564267001458049,1.0043008077998588
112,59.5,0.969522326219505,0.9089140284347176,0.9233278799954947,0.9645249025348671,1.0346381855396398,1.010802063654748,0.9306710067922617,1.0266354143425145,0.9486964841992306,0.9921508409133376,1.0437609441683513,1.0237656188524307,1.0144532499061616,1.0464872846826032
113,60.0,1.040913948266897,0.8788391474944363,0.7772381878803751,0.9585780183234244,1.049844415842663,1.003856274386413,0.90163829886905,1.0073639106351349,0.955911131134141,1.0039670526525757,1.055873874682048,0.9335377706708621,1.0597843671492881,0.988844712919144
114,60.5,0.9791676015029243,0.8262856039249915,0.8449771497314328,0.9507591583396539,1.0501106311203976,1.0204543030403552,0.9237004196456909,0.9448801145244222,1.043515735426317,0.8865882209383704,1.050638688718737,1.052099719465891,0.9381426550341775,1.133164809995499
115,61.0,1.0104160904135409,0.8899240792995063,0.848943001538176,0.9567509378171734,1.0192320465427906,1.0914713070241013,0.9178470596818381,1.0056619339225588,1.047126195595973,0.9342470664188457,1.069399547691784,1.044619676849372,0.9627067937640695,1.0633540792875296
116,61.5,0.9884259566687394,0.9219110042762058,0.8371193935640313,1.0202422237206734,1.0314007677146222,1.0220617734800228,0.9026291693598394,1.0112306253209224,0.9992291563790323,0.8877090458492263,1.0567884978627005,1.0092857742037218,1.0498619857368916,0.9722487897102693
117,62.0,0.96974933827197,0.9473269574986685,0.8710901255453116,1.0646055290656107,1.0243867499296846,1.1067121537446762,0.915550596987378,0.9833717107895305,1.0333743362986403,0.8923798682026473,1.033271393696812,1.0899691739471784,0.9298960760259021,1.1479231489783577
118,62.5,1.0667078835588961,0.8161731799057448,0.9004796288669312,1.0676476850838392,1.0861061486643717,0.9853308388300424,0.9680375301287212,1.0065950024384573,0.9443004406907298,0.9384467249240949,1.0263668349064832,1.0403028941617887,0.9867385697492014,1.0236480450918146
119,63.0,1.0112728667906223,0.8388127460379018,0.8613181971229159,1.1084219074098816,1.0740608762825443,0.9880875892481014,0.9404697226289385,0.9460202700320115,0.9288602690786775,0.9039471172713754,0.9929982368634436,0.9382060646018616,0.9586183492549216,0.9925550751296913
120,63.5,0.9682534339506422,0.8199248223715586,0.8970196878698616,1.0218234265404054,1.060473100357009,0.9878520815989387,1.1019020692417514,0.9691768887655314,0.9034890723144918,0.867352402086778,0.9912129710345624,1.0505750844388413,1.0140486358858114,1.0110310275630214
121,64.0,1.0030455299603112,0.7604000537995288,0.8873276037148735,1.1680560971738725,1.149514705466467,1.0215227854761006,1.0569335486914082,0.9646610470066654,0.9110975319363702,0.9822551363896415,0.9983859203506299,1.0239752773773605,1.0309334696356804,1.0636830919062004
122,64.5,0.9399018324735852,0.8760608497740411,0.9609161620017589,1.0582622234352086,1.096199390339725,1.012366830297569,1.0851588223590505,1.0571331005016993,0.8787483755700732,0.9531208782692104,1.018733271006746,1.01800524484037,1.0183345936067685,1.0325016837468841
123,65.0,0.9997263481786454,0.8797059274691407,0.9797184068633398,1.0076586643464847,1.0426863067596854,0.9981596256385186,1.021235249126496,0.9927251399936391,0.9030166835157998,1.099141974160914,0.9852806401852923,0.9513073902576527,0.9693767393993681,0.994372351378421
124,65.5,1.0048715272859312,0.930888997000203,0.9302191680395472,0.9044747979410123,1.1067176992771024,1.011811913950919,1.092750553156529,1.032342992412401,0.9698200644705596,1.0548197281116962,1.0686257391489034,1.0270000159050507,0.9811016600442682,0.9751852523451673
125,66.0,0.9937565212687027,0.918516836163627,0.9013369847507217,0.8220963428789096,0.9640593869775469,0.9468404458722014,1.0395191924525211,1.0508001627865349,0.8571915122599079,1.018991614157042,1.0174202310660292,1.0245429379160202,0.9444115408820656,1.0129121232576672
126,66.5,0.9006509730383648,0.8585627055317256,0.9540290249032168,0.9430696690396382,1.1165089963819,0.9886607887469524,1.030574290097607,0.9960949623117802,0.9427257088721923,1.0605156469412782,0.9905805078816433,1.0678414006212091,1.0124194446499646,0.9680700234476043
127,67.0,1.0048339004036266,0.8692286153529482,0.9345368867611483,0.8543557072872869,1.0734578114813382,0.945051870754627,1.070731304789388,0.9919018138018182,0.8723021827767967,1.0072189111429726,1.0262704608081108,0.9406412689305625,0.9974490465529036,1.0155589653754622
128,67.5,0.9975467638855362,1.0437260025752397,0.881058672976187,1.0267662928970698,1.031490409435115,0.9932249284332665,1.0768721999273247,1.0492030528455671,0.8537981753963486,1.0299099954565096,0.9895612345304572,0.9564989644803982,1.0955753824957826,1.0853188976956554
129,68.0,0.9993432015942652,0.9195292863285819,0.9863075535062733,0.9314655954705737,1.0401074489556743,0.978271652792357,1.1048197637711639,1.0438938958749624,0.884320952332221,0.9688217635153961,1.0504490051152213,0.9657696851784577,1.0419880918977706,1.0098905306665427
130,68.5,0.9246421136835272,0.9388496628197471,1.0491965518169488,0.9532954433375576,1.0015343380407653,0.9524380831589173,1.0529443465583037,1.0843792620659967,0.8808775305419294,0.9684033398896381,1.0197528388579913,0.9501473175985863,1.1193977121092373,0.960992817443284
131,69.0,0.9923185846727945,0.9024691539283969,0.9607208032865108,0.9801891692311989,0.9981125908863584,0.9358188256243506,0.9996417564580647,1.0451356868912811,0.878801137288256,1.000437824134763,0.9922347926183616,0.9833254528306231,0.9895088398601176,0.9703744488745775
132,69.5,0.961003639012837,0.9561706552163894,0.9266577486439214,0.9894867341188932,0.985668835298221,1.005197684181495,0.9716837659494497,0.9895736174432013,0.9227971582203424,1.044686679554622,1.046963474103434,0.9942149961555226,1.0003062527291537,0.9685732014079412
133,70.0,0.9858520165515798,0.7956595117709554,0.9586765501423181,1.0036725628787813,0.967551320783993,1.0529177627503252,1.0010633811723717,1.0816347688483716,0.8945579479523793,0.9725704761610728,1.0005359458104617,0.9997250624614111,1.0887392780114262,0.9844593041485411
134,70.5,0.9569492050670885,0.88650677824529,1.0454122856849073,1.0033989642149688,0.921095602593906,1.078744062025779,0.9080100495958403,1.0295300130794776,0.8514107978393026,1.0424559193259717,0.9557650392733964,0.8714963469475538,1.0634737654776947,0.9620026360782096
135,71.0,0.9137936971130554,0.9176859250446293,0.90800529839037,0.8896837060749024,0.9681205394578403,1.1191336306937734,1.0140284651407854,1.0117074180950585,0.9430096194499274,1.0276964907341892,1.0143049703397822,0.9193886552605398,1.04718749412411,0.89255289670328
136,71.5,0.9546968279020686,0.9140682497798072,1.0668186067192218,0.939055709608595,0.9217848590733828,1.1370546891344666,1.016901424277555,0.9545930059879026,0.9607262844072737,0.9280727210541936,0.9930255238485123,0.874152405886955,0.9745785969181437,0.974419552414488
137,72.0,0.9052120757456495,0.9178566866717267,0.9208531940213076,0.9040551161228233,0.9131627858719357,1.1716448320172894,0.9761491315538247,0.9951630535697462,0.9317775935117784,1.082892723004743,1.0706132059502038,1.0024048715201979,1.0668772743649595,0.9687705023658336
138,72.5,0.8874845287359374,0.9021615376753273,0.9883955028561199,0.9806435865252504,0.9567323464427598,1.1103211158009823,1.0185304408872673,0.9982229669139238,0.9947748801239371,1.2002589942905486,0.9803476753161157,0.9854350973063931,1.047531812594578,1.0188093779410576
139,73.0,0.9718187297846449,0.8538101807859839,1.0202325873646036,0.90921674278627,0.9610842159276022,1.1106284344802944,0.976884184113712,1.012307082126888,0.9637650587463837,1.0536705595428302,0.9911706504938312,0.9312858650003962,1.0673164483380222,0.9496210842252066
140,73.5,0.8726727415538411,0.899047685223297,0.958374962444427,0.9196703906502532,0.9789307725641313,1.1359667527935118,1.0128403585311132,0.9685279654900842,0.9746410835477964,1.0889998095799054,1.0736164763211002,1.0726768240961502,1.0951309304262447,1.027392340428597
141,74.0,0.9214171225908065,0.9094856508309185,1.0694275522527317,1.0404688447800978,1.032767009761528,1.1485551715162883,1.008882283710357,0.9687709559794343,1.029555980959249,1.06905579155978,0.9297227482659308,1.1003996928145554,1.0045300895740432,1.029918126798632
142,74.5,0.9355078229533986,0.9025236037841841,1.1085998068291385,1.0158749748514915,1.0407986138479663,1.136752114594139,0.9861798965051644,0.9680381545945002,0.9489164300012032,1.0255481490922311,0.8716800180157183,1.023404512061578,1.0963122514262653,1.04633274628228
143,75.0,0.9338337471978538,1.040532125960177,1.0284680051458035,1.0140044222125562,1.0008598505050996,1.0673795955269734,1.016880802181835,0.9993759950534332,0.903265524734089,1.0934088553719326,0.9593168184173283,1.069489591068509,0.9838161393375274,0.9619205111376085
144,75.5,0.973792498091229,0.9771322266999536,1.0770929855663398,0.9223378200265727,0.9815818169523998,1.0389141282958683,1.0452050533718267,0.967248781189156,0.9944122943563549,1.0609003956123837,0.969828793028985,1.0245863054605628,1.0683141130208302,0.9854797489487546
145,76.0,1.0332709513107607,0.8936131712688229,1.1308078328953304,0.9961547718769193,0.999696485067145,1.0761269071678607,1.0196953869234382,0.9516653780586168,0.9844321537988736,1.062032129613247,0.9958699635660767,0.9414450084420551,1.0206687777647419,0.9558159405910487
146,76.5,1.0359209468507282,0.9113490048357719,1.0163165033329544,1.0161917463391792,0.9640187043556077,1.0140217070741135,0.9989444758231707,0.9903659068343781,0.9974818348944415,0.9831122917384496,1.0284859208389456,1.0591945436192318,0.982637673316058,0.997863058065854
147,77.0,0.9833571233093079,1.0148844954182825,1.0147670195313074,1.045484414284767,0.9554735039827899,1.0368860553094108,1.0190539202774855,1.0258254186015694,0.8922285876412456,1.0216162749461002,0.9804898446436999,0.9987103846782368,1.003731502961077,0.9511617162210975
148,77.5,0.877474373584843,1.0277896688328563,1.0112681430798376,1.0395574004889614,0.831393704024718,1.037894064132225,1.0034945325288733,1.0280059574141733,0.9754770324578659,0.9780591349663547,0.9196389233619882,0.9768699035514334,1.0354499509081314,0.8809868730346395
149,78.0,1.0656686426027866,0.994584716885297,0.9595966104144376,1.0138352461555764,0.9789963161536489,1.029018098208042,1.0188070181665632,1.0132789130350117,0.967332762179273,0.9177276448209798,0.9721741562998827,1.0451331899427967,0.9193232278591669,0.9999099061280909
150,78.5,1.0511873090960262,0.9476290189945439,1.0035622170725618,1.0464902720526112,0.9870865266361016,1.0005100153581157,1.0638307453434073,0.9925370920710406,0.9585396799868494,0.923858722882575,1.058860577764479,1.0383338502707158,1.1054317230489714,1.0045445707539906
151,79.0,1.0562201592434735,0.9736988838504798,1.0983580361650118,1.0712558490008934,1.0196269705427552,0.9567979437383948,1.0232397742464991,0.9697973380097744,0.9975485443623622,0.8927322065866689,1.0017370938257597,1.0475783175703708,0.9979654677723806,0.9341901756540338
152,79.5,0.9429654438233893,0.9370972878365541,1.0757270145047866,0.9532593442661141,1.0022539876491905,0.9346912030577155,0.9984634115591479,1.0080753361059847,0.8792240443703557,0.8772558241667578,1.0452189394335458,1.0776678600136487,1.0882957658314352,0.8909295915591302
153,80.0,0.98936244412177,1.1092601848273835,0.9382025467050835,0.9631317411275451,0.9043661214885683,0.9701148225501821,1.0838698858282023,1.0034045077087215,0.9249299398190036,0.9240365378597897,1.0351732197297026,0.9796855240184527,0.9891086348991844,0.8688068635181471
154,80.5,1.0175963300139184,1.1227114687653807,1.051517196405131,1.0261352077572325,0.9422855172333242,0.9460252126620566,0.9997744348096564,0.9970328303402198,0.954815220528924,0.9360854494905687,0.9749231060935227,1.0762051768823004,1.017599453587849,0.8926232974204129
155,81.0,1.0727534382185584,1.0809495191903338,1.0300800603984455,0.9936241373733661,0.9905793268490263,0.961447633743639,0.9904183279445079,0.9636985738816836,0.9804269746768506,0.883578983512558,0.9733846182518833,1.0433992217646735,1.0453563273787043,0.9263329709895416
156,81.5,1.0501870104096986,1.099054603715503,1.0966575490454118,1.0257979798236834,0.9686652339489108,0.8677380145201217,1.0327505170820106,0.9864174747483355,1.000277883190834,0.9030510665122635,1.0195256554278034,1.0909438892920837,1.0189175627073137,0.9385095369962347
157,82.0,1.0250544938995394,0.9892447205124192,1.031682700272837,1.0602920417060766,0.9171350440763446,0.964710266633598,1.021554622200449,0.999886432442335,1.0703185735744738,0.886569670747094,0.9960739873077051,0.9853141937934435,1.030998509702005,0.8659458967963446
158,82.5,0.9791881849381084,1.0035630170044272,1.0330511465550816,1.0048490099683407,0.9160197417493765,0.9306605475194129,0.9525936489921022,1.0472453465394327,0.9912994847668132,0.9010554015657467,1.0265694975889061,1.0824408786512825,1.0077969886516582,0.8784460703273805
159,83.0,0.9876479741404308,1.1213133788531042,1.078045670579375,1.0703635932179476,0.9477739922099316,0.923603140808534,0.9692060975220905,1.0335193780160703,1.0208073158455713,0.922254942523741,1.0172024508113138,0.9336715812320812,1.0849051206647962,0.8579924664213776
160,83.5,1.0602334189641716,1.0861874620617047,1.103700856412993,1.031788233978057,1.0711098314083916,0.8497907962323117,0.9450305858995757,1.0432433286994196,1.039651159967074,0.9344639212745635,1.0598025803023388,0.9802630484844611,1.0211300863669879,0.7904774521186392
161,84.0,0.9854980451469453,0.9570450479937991,1.1192783667095811,1.0003524676275954,1.0256868479616847,0.8923034787137673,0.9342649376678577,1.0572645386878319,1.0706723239236167,0.9781803240235264,0.993253662420437,0.9089327791220971,1.066940651079925,0.8752699465151544
162,84.5,1.0172632205816217,1.0899512825598185,1.022947183991237,1.0481576200969611,1.1102823316359216,0.9557076338922004,0.9806610467095206,1.033690973966968,1.1284748754009322,1.0326597814206202,0.9792550360832135,0.9598590798725294,1.0455684825521678,0.8628528949991899
163,85.0,1.069490194840229,0.8646503416868914,0.9955172829514882,1.0691446635754596,1.03133983186548,0.9982610711769476,0.9937795851844563,1.0119597080440557,1.0588455276250186,1.0421930937965702,1.010422545741587,1.014999249718874,1.033281356152515,0.8785082142560015
164,85.5,1.118020574780648,1.0214796435063396,1.0612204781402528,1.0964307632287693,1.0711962212307176,1.0048395079140784,1.0277372795932422,1.0071816204557673,1.0113540383973612,1.0008261295054723,0.9797445201355374,0.9003792577309994,1.007880069510693,0.8532874882348545
165,86.0,1.0314546311202664,0.9691774686441412,1.023163527843526,1.0753359537132399,1.1562583046503685,0.9849737237179055,1.0267929495962829,0.9700820496815248,1.1105951809903996,1.0635107246711697,1.0482026036500973,0.9897505028259643,1.0183343433018892,0.9332590116097906
166,86.5,1.0073351879564905,0.9255934929365532,1.0169084029523998,1.0379989372395866,1.111280823604646,1.0216423475476726,0.9967811987706974,0.8995162397409548,1.1446291814170644,1.014864725136211,1.0020429123616033,0.920845204792485,1.0564768187318725,0.8629665664675941
167,87.0,1.018938763362742,0.9837257097707341,1.0761762283228546,1.0852069282450345,1.0409832223691056,0.9803732550189558,0.925518807666497,0.8696703456627074,1.0079311665764779,0.9628870335167011,0.980271240754665,0.9663324778212715,1.0180348244741013,0.8830774894027651
168,87.5,1.0254212409067125,1.0018986770021088,1.022502873426312,1.1360665722252838,1.0766243677527318,1.0535597584754264,1.0480124556360715,0.9595918452041606,1.0893033768267086,0.964528609759827,1.0537919634708917,0.9731760758715273,1.0831429693015835,0.8010099465968038
169,88.0,1.0763656369403478,1.043551270049076,1.0581134402250052,1.0184471511026572,1.056974361829054,1.0401862026636384,0.960145818329294,0.9435574394523285,1.1096794667366516,0.9832013872176167,0.9844761610058933,1.006663245961315,0.9591429924997988,0.8486524393205749
170,88.5,0.9307915753836292,0.9878774791983832,1.1308393031306352,1.0188616939830024,0.9904469661885427,0.9773665709282975,0.9531684520850668,0.900141744221701,1.0684311898268937,0.9770931176824869,1.00656866508369,1.133981488176412,1.0485630945191131,0.8043901192594815
171,89.0,1.03890034322978,1.0208134271188753,1.0811949009121509,1.042352511857699,1.1425291998268503,1.0085099085216522,1.004228250916215,0.9522875528360852,0.9782000993421566,0.8836710388588844,1.0239660549195826,1.026686960233384,1.0610566289224639,0.763873338474547
172,89.5,1.0396155813137007,1.0280319751684288,0.9944043601831297,1.0102059616163945,1.1313181606241212,1.044531961393399,1.019557776787705,0.919997737387433,1.0928852092998858,0.8547231607398021,1.0043917279358578,1.0161767922782314,1.0983067359118515,0.9318177511752495
173,90.0,1.037091826382422,1.0325225251803218,0.998811707361464,0.9781879336208198,1.0141286193023797,0.9424336379290033,1.007068584868264,0.9234441005777274,1.1033936759463432,0.9525443329545819,1.0185545061080155,0.9509150835028443,1.1085197084220977,0.9687001175192922
174,90.5,1.0297089053771902,1.0334821586430205,1.0294995720015672,1.018065817111391,1.017865442453848,1.0295680573634534,1.0939371925022428,0.9120265865177938,1.0606748100465608,0.9277306743750275,1.0232218917977098,0.9648329525355942,1.0265488785017214,0.9025592357182964
175,91.0,1.0688962246077773,1.0505412156201543,0.9053962735687341,1.0515936338146878,1.0573467992838232,1.0029669456301,1.044523431260891,0.9623838351888093,1.0167976064156625,1.0914619900044387,1.0051445641157488,0.9706053194356641,1.0202745727047462,1.00460700481639
176,91.5,0.9892118679927292,0.9129989107273275,0.9721497765302952,1.0490196037960415,1.0320236631512365,1.0225607514644426,0.9398746854008847,0.9702323002766605,1.1631775796770347,0.9566725474721429,1.0519263251365303,0.9920348637224815,1.0521863807886587,0.8309142510581791
177,92.0,1.0004325955902642,1.107775936204504,0.9754510869782543,1.0280653512652105,1.0482145971616907,1.0267045575761833,0.9698630043048967,0.9060687616342323,1.1652825651533754,0.8560787367642492,1.0215903016185561,0.9793558813664444,1.1019828663028741,0.9158617796923351
178,92.5,1.0135247960524536,1.133240902937262,0.9642067793768797,1.1043241596924174,0.8779113758831967,0.9786186199275866,0.9585684559440173,0.9460128013342325,1.1413451806344221,0.8261714456852103,1.0228771666472167,0.9209945266916566,1.0438810398503147,0.89018047448022
179,93.0,0.9863309735926981,1.1264408760317532,0.9491515972573167,1.0714576171017296,0.9212522009675963,1.0187094085081771,0.9115176182500302,0.9475264460842212,1.129120143607022,0.9712496443729275,1.0533988893552608,0.9623660224991989,1.1088344184484198,0.9248464603644894
180,93.5,1.065674555295648,1.0728689567779341,0.9404922717484564,1.0385073917615062,0.9356499341188751,0.9750557163269546,1.0460453785232442,0.9330976611228505,1.1385086956554238,0.9291075878260443,1.013950618230037,0.964515010854711,1.1329080978810766,0.9064130459162735
181,94.0,1.056419099671072,1.0378477746007464,0.9418267459689643,1.0302472534098652,0.9041225502267121,0.983068834089779,1.0207409930103841,0.8751319933376616,1.0752441893520266,1.0231615529966285,0.9728148972799621,0.9953081836560224,1.0628144809069664,0.8881757945631996
182,94.5,1.0432777162012572,1.0604719616987646,0.9790934062688805,0.9830744275911311,1.0235889092129065,0.9748429682784532,1.0265588980104254,1.0508647775075237,1.1013520100129979,0.8313659654048982,0.9798256922914798,0.929517137510926,1.0377342987019071,0.8502755673123387
183,95.0,1.0741435850422523,1.1404491155730012,1.0131576786956902,0.9931104263568383,1.0033665832003573,0.998950453252819,1.0273220849134077,1.0865640827320104,1.1285591440434979,0.8979963502230507,0.9533716896737909,0.9530203356246546,1.0257978943209387,0.9317084589850827
184,95.5,1.0016990991061467,1.0740574015024795,1.0102091156008932,1.0615764676000612,1.0363015742823536,0.8687756981576505,0.9513285536555934,1.0345170499377505,1.188374496683083,1.006295990441463,1.043151747032452,0.9569825718838202,1.0731723453922821,0.8589365973163642
185,96.0,0.9995226324840585,1.110671065797968,0.9328234004826316,1.0191689148758478,1.0344872874044067,0.8716979869221894,0.9623901681784323,1.0777756102027316,1.0953321204577666,1.048866414413827,1.0779465546650093,0.973682495407617,1.107952685563844,0.8891712836249175
186,96.5,0.9928154202259776,1.0910311977982434,0.9831512393882319,1.079990145927261,1.034884795763134,0.8767432273910745,0.9084521120903348,1.0697328738845049,1.0832527522749071,1.0202344833520427,0.9656487952800421,0.9132045289297078,1.0433362981847503,0.8613013179484252
187,97.0,1.0014730359647026,1.0542823514284743,1.0083508356740623,0.9790420712933063,1.0112937754037223,0.9026568236260291,0.9716926026486202,1.0799606794659542,1.1362319311855753,0.9843287598197935,0.980822434282336,0.901988102772327,1.0751688159868378,0.8698174305253964
188,97.5,1.0374564518076685,1.021059733648844,0.9975003733636499,0.9702976925574258,0.8802147782123916,0.9096688289824296,0.9749305414526357,1.0564923799232775,1.1261442447760233,0.9442872788938008,0.9645331798050852,0.9484464865060314,1.0399605087574613,0.8786938655151351
189,98.0,1.01681849724245,0.9734944071466292,0.9573084708803684,0.9726842663748655,0.939179929215555,0.9310228124536514,1.0041816076151133,1.0665436386816585,1.1276560114971863,0.9757080721457954,1.0034855882998295,0.9931711309947462,1.1675756692443575,0.9079223812146159
190,98.5,1.0852248618184417,1.0140509028753975,0.9369801469136421,1.0253440907130633,0.9229234359941666,0.9509697486636323,0.9995972483367003,1.0706153070446947,1.1561031427831223,0.8696782643230438,1.0295311664273947,0.913055206271941,1.1084480462275947,0.9272628672182682
191,99.0,0.9958360468807592,1.0470810705029236,0.8942889346330836,0.9395573572623585,0.9906346960666688,0.9567563340438178,0.8973605356330105,1.07601814738215,1.1452979968641674,0.9579975798602895,0.987140247480937,0.9305931022260844,1.0717041366291868,0.8808017173095506
192,99.5,1.0166871668775737,1.0459889806442155,0.9281508140326972,0.9745219231281805,1.1702317195477252,0.9460950134488272,0.9333952603724114,0.9858717611788609,1.1629177598268803,0.9879941298704545,1.048918544418112,0.9691217211291937,1.0773180174979546,0.8350185125628184
193,100.0,1.044710493181876,1.0007034490077709,1.0463657904403656,0.9743381931113269,1.0552245854561697,0.9252729646972971,0.9403400372853333,1.0162237241773926,1.1771507518251247,1.0055757526479676,0.9916811772017257,0.9914552026202545,1.1494224676302436,0.8600623562926281
194,100.5,0.9808579652365536,1.0768127687218114,1.0038387780585345,1.0309435653975618,1.0470637264386824,0.9175974454721484,0.9268634241110602,0.9546070799301962,1.1625987984550856,0.9587884026420846,1.0122720728531467,0.9215939646916079,1.1763981702506168,0.8210498680702202
195,101.0,1.000396871396815,1.0574989311066605,0.9680621316926122,0.9052164849028976,0.9676294254699997,0.9302821246301519,0.9287551210114211,0.9369905413383179,1.1181009253362812,0.9096705347704954,1.0173671716904757,0.9170040037297623,1.078164146899149,0.8362876389882435
196,101.5,0.9994254101510125,1.0893517789912863,1.0376857471103573,0.9584580062106485,0.9829675993081806,0.9337250194689344,1.0216827991344208,0.9667739000912315,1.0814041058374038,0.9945348387717984,0.9787426110134021,0.8869618416668137,1.1449199576876692,0.8971055709707783
197,102.0,1.021804395482431,1.0806039037842428,0.956900487772258,0.9661940087201438,1.0206914466550023,0.9109795667296228,0.9966183393347837,0.944818836438329,1.0897986590251192,0.9285746648958071,1.0321018496002894,0.9097762725176041,1.1115187095849957,0.8906595295676556
198,102.5,1.0323276552770368,1.0081366505513476,0.9567730102918337,0.9933689212455815,1.0170175687965415,0.8735206502129738,0.9453135874502935,0.9216276084868831,1.2134359995898958,0.992341964030567,0.966756260058473,0.8605892428694447,1.1557555206948098,0.8702272747939848
199,103.0,0.9865597880670087,1.0864005800139018,0.9758899748944377,1.052003616936241,0.9602536495753383,0.9677282195692113,1.065878881353312,1.043053417286777,1.1968586429722086,0.9362587206920278,1.0200315303755916,0.8687177225603876,1.0787044835452784,0.8778092932509651
200,103.5,0.9301117397437565,0.9709200942477121,0.9605316240676693,1.03406467357481,0.9918325072779858,0.971193085596405,0.9254411112048082,0.9732742030320548,1.1937830600283144,0.9045958702248194,0.9992437975157611,0.8461640795044042,1.1424383574778154,0.927061371627433
201,104.0,0.9388811947681596,1.0725784281820498,0.962345416814907,1.0874683112181014,1.070035697033584,0.9764542973142029,0.9940128137900147,0.9992878300672986,1.156930176307017,0.9964625437785867,1.0384802332594054,0.8869396076478712,1.103860187368098,0.9318396191458428
202,104.5,0.8385930413564889,1.0623042737883162,0.9984760755213982,1.0279439307086007,0.9737457115588419,0.9707390396758369,1.0219671554280343,1.0118546095242458,1.192831476966406,0.8276003030953857,1.038567143737584,0.8140595925719618,1.2446732957687137,0.9451971209831542
203,105.0,0.9041447732966404,1.0570224032189812,0.977367802353916,1.023406742124864,0.8981645850620552,1.0142056297660542,0.9231658152109948,0.99850415432068,1.1466260653507325,0.9011923861264058,0.9890659510366074,0.8363275805645993,1.126336913895651,0.8743982834796241
204,105.5,0.9780867938378675,1.062578876916976,1.007795874691784,1.0110954260112073,0.983158690413954,0.9490606614773657,1.0291543629503166,0.9543134013017709,1.2204487043303167,0.9388858244939348,1.002105771074372,0.930745289471672,1.1760052689942024,0.9005969859897802
205,106.0,0.9453786883759587,1.1263064841839208,0.9805676324116044,1.015088636740672,1.0732028287989468,0.893581763728528,0.9966926383529113,1.0544057780072826,1.1679945930239102,0.9920910751504021,0.9891855427487692,0.9980088346903874,1.2103114244074171,0.893377127472227
206,106.5,1.0707893391363033,1.1047070989755732,0.978763499602102,1.0550569604229199,0.9246563002114505,0.9623344324893912,1.0018002936964803,1.0002719558273427,1.2125870145889561,0.9277483000761771,0.975312468484567,1.0109444396566634,1.1076333612587372,0.8939771538614573
207,107.0,0.9786074971774176,1.100358522730234,0.9978697108356157,1.0394157086585833,0.8787007284231226,0.9903672147663858,1.0556668116076728,1.0398905168519303,1.1375405142373265,0.9343772303275779,1.0297160740310052,1.0498812748034934,1.1398104429910199,0.9089821910320119
208,107.5,0.9443974349011055,1.062969248046685,1.0173730538994603,1.1250662117225267,0.9440415496948101,1.0421452902370467,1.0034748329452214,1.0501859321871105,1.1736566724269588,0.9725022981407175,0.9668480280985223,0.8863884699918663,1.1827583604338663,0.8648960619716889
209,108.0,0.9953627807420157,1.1524341654626926,0.9217884648120324,0.9373805550575035,0.9685803833029406,0.9483874173487722,1.010928753059015,1.095981900048874,1.1786258990188556,0.9418487078546758,0.936768492081705,0.8992385369385953,1.2167727766042733,0.8548353138752048
210,108.5,0.985739644277752,1.0840377582336669,0.9635523440438495,1.0596720214051978,0.939891896704157,0.9451191461925003,1.0082204146546998,1.0177584746275083,1.1473761656615205,0.9209898261775872,0.9511634898927083,0.8691076098794132,1.1776016727680758,0.8651819678971618
211,109.0,1.028054623355006,1.0806009532431475,0.9879943505672677,0.9901924881248217,1.0433739035231604,0.925298682662489,1.0666476987920022,0.9917890163418427,1.13285392985856,0.9856561217735584,0.9659546939844764,0.883897479422713,1.1691895872293758,0.8828665830486816
212,109.5,1.0626060570662546,1.1169340734452722,0.9547894835955338,1.0648848101544905,1.0464716224123156,0.957986797481169,1.0049719702709594,0.9954624774371841,1.1064476230224245,0.9108435347882603,1.0141850915296706,0.821021527837696,1.1437836281861002,0.8235032979837094
213,110.0,0.9417190794058632,1.0731226888431233,0.9672352796999264,1.006390973871325,0.9404587103575763,0.9019304914338497,0.9753444339747026,1.0126886356158344,1.1321941632413735,0.9446430113833322,1.0379299547854184,0.9732596504761419,1.1969592124628754,0.8374771693186702
214,110.5,1.050668454919238,1.0717509722927518,1.094029128283849,1.0242821028887645,0.931931738309908,0.7854792342316882,0.9410527078129076,0.8728696212211291,1.1607530846969218,0.9917250284726995,0.9615127476503583,0.9649063630149023,1.1769093360055383,0.9096141875969257
215,111.0,0.9765746158549495,1.0717912126387839,1.0788920752210673,1.0145783264205717,0.9488087904050193,0.8289944421333449,0.9934615395295854,1.0617650263850549,1.0651650076420602,1.0017278166514079,0.9754147238355143,1.022182866977025,1.1864026698644121,0.9827499346484574
216,111.5,1.003596290443787,1.0713889989145482,1.0554594576962086,1.0908562364850054,0.9620739699180302,0.8173803970354315,1.0015618190205497,1.0212941897086765,1.1501809411106856,0.9630929920488317,1.0158156982403403,0.9195937625184312,1.2339203254888949,0.8916049211721642
217,112.0,1.0495579532554808,0.9923550856231692,1.0148345462324064,1.0408603037207516,1.0063343475545206,0.8381903182727848,1.039283613591922,1.157254768434794,1.1971954233621147,,,1.006702731169671,1.1854603702734086,0.9151084337607951
218,112.5,1.0135684487522296,1.0394689478337953,1.0055046204762348,0.9986053048428583,0.9114248476313157,0.8118954705174521,1.0039804067644402,1.0937073430185325,1.1574011840494374,,,0.9259591052669152,1.184228028683549,0.9753324168112281
219,113.0,0.9925758829567283,0.9630620086662047,1.0983017703206108,0.9743858907395324,1.0856271228241985,0.7299978703185838,1.0137446571568265,0.9871103626845044,1.206237092464367,,,0.996332147931312,1.2055892859241233,0.9555217908985411
220,113.5,0.9749228301288444,0.9916462855681271,1.0008038217303394,1.0631381986991562,1.0711164747784931,0.7236836186649844,0.9519772478570846,0.9412407957490807,1.1474731451271065,,,1.0435897489845714,1.2605097167080423,0.9298548146259539
221,114.0,1.0012003070573938,1.023971091897709,0.9678861815149835,0.9848426008432662,1.0887754429561127,0.8214779953625622,1.0657466448392712,0.9455500403300009,1.1662863149499536,,,1.0015533439899518,1.1737471947557823,0.8305180426655934
222,114.5,0.9449230276879341,1.0414204842263377,0.9191475578579352,0.9933445283583607,1.0816093156103967,0.8248059697897069,1.006956257789126,1.0190817896685298,1.1994135195573528,,,0.8307388170400778,1.1316090495806204,0.866864586746206
223,115.0,0.9409789379994754,1.1254104144469208,0.8800446572082579,1.0454507468931364,1.0165835854537295,0.840378028117184,1.074014643336922,1.0368641377527137,1.1307603285047336,,,0.8323930011880697,1.1735153106743028,0.8737870401536753
224,115.5,0.9931316938902054,1.0731221811049316,0.9515574874866938,0.9718675323833487,1.087318921049486,0.8175329003518824,0.9945188160363462,1.0207463030705288,1.2264673619908313,,,0.8993024381898118,1.19858267006007,0.8675992567314276
225,116.0,0.8482298125710294,1.0875773472177828,0.9803375661598943,0.9771242994540331,1.0353204572555943,0.8341359767512201,1.0980796795917231,1.03699401786266,1.1257850109902625,,,0.8536348642851775,1.1894793827093004,0.9231861323436923
226,116.5,0.9279877838763747,1.0203157883134946,0.9290082791768387,1.0125911874406215,1.0477518962108028,0.7674320372781324,0.9787127350439072,0.866794488564445,1.1698584350306482,,,0.9142865296845266,1.1492560240120853,0.9069806302733485
227,117.0,0.9287203600532576,1.026217424545154,0.9429354144429245,0.9983353979287142,1.132663221296069,0.7846436229427413,0.8990801705157904,0.866778024548342,1.1875888779963542,,,0.8545941834739647,1.1573960364246076,0.943514580634749
228,117.5,1.0009287911452893,1.0193438828624568,0.9799818047470267,1.0601221663542726,1.005597834937562,0.7919270276602294,0.9366170803003371,0.9791685541396238,1.2137499245675152,,,0.9513285904033427,1.14102188990785,0.9195373852447823
229,118.0,0.9891087021191645,1.0861457709871765,0.9497188502902943,1.0542210873201123,1.0700154321124626,0.8271721714047365,1.0151156444407068,0.9313050460431627,1.1463871666067367,,,0.9495713882602542,1.2784920437685312,0.9251002236362139
230,118.5,0.9874113400694781,1.0914662724168376,0.9836545222811466,0.9760521966202304,1.0473886451535956,0.9150744246298417,0.9324505107660316,0.9093016170146243,1.1077202049692167,,,1.040527841353851,1.2632611009199635,0.9412898321782477
231,119.0,0.9710634268437602,1.1329218919093307,0.9311116112422515,1.0027190937254626,1.0391222461660197,0.9195767292656688,0.9355913496552319,0.996972277170336,1.1288136253452081,,,0.9762193111049884,1.1518451438396862,0.9241837796871006
232,119.5,0.9794266407777866,1.1123253790351115,0.9642420988894865,1.0308769056984597,1.0764909004539451,0.9010998887988794,0.8784097410100489,0.9283703823188529,1.0692816606188016,,,1.0276514606820413,1.1209642022055584,0.8810532089723847
233,120.0,0.9277393405139135,1.0839701626172376,0.906616999261908,0.9774686084827416,1.1318063549037545,0.8140148722115831,0.864828250712953,0.8951622076721099,1.1650323437972672,,,0.9714415725434526,1.1478277351371047,0.896130467328417
